{
  "mainWindow": {
    "width": 150.39999389648438,
    "height": 484.79998779296875,
    "x": 652.8000000000001,
    "y": 60.0,
    "maximized": false
  },
  "NotesSaves": [
    {
      "windowConfig": {
        "width": 200.0,
        "height": 200.0,
        "x": -1.0,
        "y": -1.0,
        "maximized": false
      },
      "content": "1111111111111111111"
    },
    {
      "windowConfig": {
        "width": 200.0,
        "height": 200.0,
        "x": -1.0,
        "y": -1.0,
        "maximized": false
      },
      "content": "222222222222222222222222222222222222221111111"
    },
    {
      "windowConfig": {
        "width": 200.0,
        "height": 200.0,
        "x": -1.0,
        "y": -1.0,
        "maximized": false
      },
      "content": "Number 9"
    },
    {
      "windowConfig": {
        "width": 200.0,
        "height": 200.0,
        "x": -1.0,
        "y": -1.0,
        "maximized": false
      },
      "content": "Number 10"
    }
  ]
}