{
  "mainWindow": {
    "width": 150.6666717529297,
    "height": 485.3333435058594,
    "x": 1996.6666259765625,
    "y": 190.0,
    "maximized": false
  },
  "NotesSaves": [
    {
      "windowConfig": {
        "width": 200.0,
        "height": 200.0,
        "x": -1.0,
        "y": -1.0,
        "maximized": false
      },
      "content": "222222222222222222222222222222222222221111111"
    },
    {
      "windowConfig": {
        "width": 200.0,
        "height": 200.0,
        "x": -1.0,
        "y": -1.0,
        "maximized": false
      },
      "content": "Number 9"
    },
    {
      "windowConfig": {
        "width": 200.0,
        "height": 200.0,
        "x": -1.0,
        "y": -1.0,
        "maximized": false
      },
      "content": "Number 10"
    }
  ]
}