{
  "mainWindow": {
    "width": 154.0,
    "height": 738.6666870117188,
    "x": 2153.333251953125,
    "y": 73.33333587646484,
    "maximized": false
  },
  "NotesSaves": [
    {
      "windowConfig": {
        "width": 200.0,
        "height": 200.0,
        "x": 1477.3333740234375,
        "y": 340.0,
        "maximized": false
      },
      "content": "double click mewdwqdadadawda\ndawd\nad\nawd\nadqadadaw\ndad\naw\nda"
    },
    {
      "windowConfig": {
        "width": 525.3333129882812,
        "height": 414.6666564941406,
        "x": 1479.3333740234375,
        "y": 236.0,
        "maximized": false
      },
      "content": "h5tzz56z56z56h556h56h56adad\ndaw\nda\naw\ndawwa\nd\ndad"
    },
    {
      "windowConfig": {
        "width": 357.3333435058594,
        "height": 320.6666564941406,
        "x": 1592.0,
        "y": 349.3333435058594,
        "maximized": false
      },
      "content": "wdadawdawdadada"
    }
  ]
}